[
  {
    "id": "1",
    "name": "Административно-деловое назначение",
    "status": "Резерв",
    "area": "",
    "areaValue": null,
    "price": "",
    "priceValue": null,
    "vri": "",
    "purpose": "Административное здание",
    "projectDescription": "",
    "comment": "",
    "coords": [
      [
        44.990693870364176,
        43.174998037379154
      ],
      [
        44.9904095562086,
        43.174235384451066
      ],
      [
        44.99115521031475,
        43.17419415969515
      ],
      [
        44.99144086557487,
        43.17495092396269
      ],
      [
        44.990693870364176,
        43.174998037379154
      ]
    ]
  },
  {
    "id": "2",
    "name": "Административно-деловое назначение",
    "status": "Резерв",
    "area": "1,05 га",
    "areaValue": 10540,
    "price": "",
    "priceValue": null,
    "vri": "Предпринмательство",
    "purpose": "Административное здание",
    "projectDescription": "Гостиница, ресторан, торговый центр, офисное здание",
    "comment": "",
    "coords": [
      [
        44.99040491830147,
        43.17422629816755
      ],
      [
        44.98983897219928,
        43.17271274212409
      ],
      [
        44.990571215260395,
        43.17266366377403
      ],
      [
        44.991153254616584,
        43.17418311036922
      ],
      [
        44.99040491830147,
        43.17422629816755
      ]
    ]
  },
  {
    "id": "3",
    "name": "Участок детского сада",
    "status": "Муниципальный",
    "area": "8400",
    "areaValue": null,
    "price": "",
    "priceValue": null,
    "vri": "Образование",
    "purpose": "Иное",
    "projectDescription": "",
    "comment": "",
    "coords": [
      [
        44.9910060821674,
        43.1758374342663
      ],
      [
        44.99074859010195,
        43.17514153573136
      ],
      [
        44.99213260995366,
        43.17504338297149
      ],
      [
        44.99222916947818,
        43.17575793143134
      ],
      [
        44.9910060821674,
        43.1758374342663
      ]
    ]
  },
  {
    "id": "4",
    "name": "Спортплощадка",
    "status": "Муниципальный",
    "area": "20 соток",
    "areaValue": 2000,
    "price": "",
    "priceValue": null,
    "vri": "Спорт",
    "purpose": "Иное",
    "projectDescription": "",
    "comment": "",
    "coords": [
      [
        44.99223238142913,
        43.175756211113466
      ],
      [
        44.99217203172633,
        43.17531158234832
      ],
      [
        44.992664217080566,
        43.17528311814413
      ],
      [
        44.992707132424805,
        43.17571989495483
      ],
      [
        44.99223238142913,
        43.175756211113466
      ]
    ]
  },
  {
    "id": "5",
    "name": "Спортплощадка",
    "status": "Муниципальный",
    "area": "20 соток",
    "areaValue": 2000,
    "price": "",
    "priceValue": null,
    "vri": "Спорт",
    "purpose": "Иное",
    "projectDescription": "",
    "comment": "",
    "coords": [
      [
        44.99270847352927,
        43.175718913461544
      ],
      [
        44.992664217080566,
        43.17527624744801
      ],
      [
        44.99314701470325,
        43.17524876475234
      ],
      [
        44.9931926122565,
        43.175693394002266
      ],
      [
        44.99270847352927,
        43.175718913461544
      ]
    ]
  },
  {
    "id": "6",
    "name": "ФОК",
    "status": "Муниципальный",
    "area": "1 га",
    "areaValue": 10000,
    "price": "",
    "priceValue": null,
    "vri": "Спорт",
    "purpose": "Иное",
    "projectDescription": "",
    "comment": "",
    "coords": [
      [
        44.99328799644457,
        43.17568638958112
      ],
      [
        44.99321289459215,
        43.174979692514064
      ],
      [
        44.99470956722246,
        43.1748815394922
      ],
      [
        44.99481685558306,
        43.17559216378141
      ],
      [
        44.99328799644457,
        43.17568638958112
      ]
    ]
  },
  {
    "id": "7",
    "name": "МКД",
    "status": "Свободен",
    "area": "0,97 га",
    "areaValue": 9700,
    "price": "",
    "priceValue": null,
    "vri": "Многоквартирная малоэтажная застройка",
    "purpose": "Многоквартирный дом",
    "projectDescription": "",
    "comment": "",
    "coords": [
      [
        44.995028037652965,
        43.17559861023877
      ],
      [
        44.994936842546466,
        43.17486442927871
      ],
      [
        44.9957897850132,
        43.17480161124361
      ],
      [
        44.996766109094615,
        43.175174592373075
      ],
      [
        44.996674913988116,
        43.175315931991115
      ],
      [
        44.99631549798012,
        43.17546119736633
      ],
      [
        44.99573614083291,
        43.175551497289014
      ],
      [
        44.995028037652965,
        43.17559861023877
      ]
    ]
  },
  {
    "id": "8",
    "name": "ИЖС",
    "status": "Свободен",
    "area": "12 соток",
    "areaValue": 1200,
    "price": "",
    "priceValue": null,
    "vri": "",
    "purpose": "Коттедж",
    "projectDescription": "",
    "comment": "",
    "coords": [
      [
        44.99148002374205,
        43.17446999976908
      ],
      [
        44.99143844950233,
        43.1741102651441
      ],
      [
        44.99180188882389,
        43.17408474500776
      ],
      [
        44.99184547472037,
        43.1744479151432
      ],
      [
        44.99148002374205,
        43.17446999976908
      ]
    ]
  },
  {
    "id": "9",
    "name": "ИЖС",
    "status": "Свободен",
    "area": "12 соток",
    "areaValue": 1200,
    "price": "",
    "priceValue": null,
    "vri": "Индивидуальное жилищное строительство",
    "purpose": "Коттедж",
    "projectDescription": "",
    "comment": "",
    "coords": [
      [
        44.991846018260475,
        43.17444742418149
      ],
      [
        44.99180176181167,
        43.17408523556286
      ],
      [
        44.99216386002873,
        43.174060696960346
      ],
      [
        44.99220677537297,
        43.174420431879355
      ],
      [
        44.991846018260475,
        43.17444742418149
      ]
    ]
  },
  {
    "id": "10",
    "name": "ИЖС",
    "status": "Свободен",
    "area": "12 соток",
    "areaValue": 1200,
    "price": "",
    "priceValue": null,
    "vri": "Индивидуальное жилищное строительство",
    "purpose": "Коттедж",
    "projectDescription": "",
    "comment": "",
    "coords": [
      [
        44.992571357840504,
        43.17439655987449
      ],
      [
        44.99252844249627,
        43.17403927867547
      ],
      [
        44.99216567372701,
        43.17406283574243
      ],
      [
        44.99220657741443,
        43.1744210983653
      ],
      [
        44.992571357840504,
        43.17439655987449
      ]
    ]
  },
  {
    "id": "11",
    "name": "ИЖС",
    "status": "Свободен",
    "area": "12 соток",
    "areaValue": 1200,
    "price": "",
    "priceValue": null,
    "vri": "Индивидуальное жилищное строительство",
    "purpose": "Коттедж",
    "projectDescription": "",
    "comment": "",
    "coords": [
      [
        44.992573002384496,
        43.17439629037222
      ],
      [
        44.99252941648799,
        43.174039499943916
      ],
      [
        44.99289553801853,
        43.17401790595797
      ],
      [
        44.99293711225825,
        43.17437175189558
      ],
      [
        44.992573002384496,
        43.17439629037222
      ]
    ]
  },
  {
    "id": "12",
    "name": "ИЖС",
    "status": "Свободен",
    "area": "12 соток",
    "areaValue": 1200,
    "price": "",
    "priceValue": null,
    "vri": "Индивидуальное жилищное строительство",
    "purpose": "Коттедж",
    "projectDescription": "",
    "comment": "",
    "coords": [
      [
        44.99293778281052,
        43.17437175189558
      ],
      [
        44.99289553801848,
        43.174017415185475
      ],
      [
        44.993251601265214,
        43.17399091346462
      ],
      [
        44.99329049329597,
        43.17435015802785
      ],
      [
        44.99293778281052,
        43.17437175189558
      ]
    ]
  },
  {
    "id": "13",
    "name": "ИЖС",
    "status": "Свободен",
    "area": "12 соток",
    "areaValue": 1200,
    "price": "",
    "priceValue": null,
    "vri": "Индивидуальное жилищное строительство",
    "purpose": "Коттедж",
    "projectDescription": "",
    "comment": "",
    "coords": [
      [
        44.993291834400495,
        43.174348685742586
      ],
      [
        44.99325227181746,
        43.17399042269192
      ],
      [
        44.99362174610932,
        43.1739663748239
      ],
      [
        44.99365192096074,
        43.174323656452465
      ],
      [
        44.993291834400495,
        43.174348685742586
      ]
    ]
  },
  {
    "id": "14",
    "name": "ИЖС",
    "status": "Свободен",
    "area": "12 соток",
    "areaValue": 1200,
    "price": "",
    "priceValue": null,
    "vri": "Индивидуальное жилищное строительство",
    "purpose": "Коттедж",
    "projectDescription": "",
    "comment": "",
    "coords": [
      [
        44.993652145674304,
        43.17432307981226
      ],
      [
        44.993621970822886,
        43.17396579815615
      ],
      [
        44.99398205738313,
        43.173941259505284
      ],
      [
        44.9940229610706,
        43.174296578200895
      ],
      [
        44.993652145674304,
        43.17432307981226
      ]
    ]
  },
  {
    "id": "16",
    "name": "ИЖС",
    "status": "Свободен",
    "area": "12 соток",
    "areaValue": 1200,
    "price": "",
    "priceValue": null,
    "vri": "Индивидуальное жилищное строительство",
    "purpose": "Коттедж",
    "projectDescription": "",
    "comment": "",
    "coords": [
      [
        44.99402375156375,
        43.174297655140705
      ],
      [
        44.99398284787628,
        43.17394135488105
      ],
      [
        44.99435232216811,
        43.173918288516035
      ],
      [
        44.994392555303335,
        43.174273116600006
      ],
      [
        44.99402375156375,
        43.174297655140705
      ]
    ]
  },
  {
    "id": "17",
    "name": "ИЖС",
    "status": "Свободен",
    "area": "11 соток",
    "areaValue": 1100,
    "price": "",
    "priceValue": null,
    "vri": "Индивидуальное жилищное строительство",
    "purpose": "Коттедж",
    "projectDescription": "",
    "comment": "",
    "coords": [
      [
        44.99298433257709,
        43.17477835544849
      ],
      [
        44.99295281662107,
        43.17447800572763
      ],
      [
        44.993313573733666,
        43.17445101336667
      ],
      [
        44.993356489077854,
        43.174812218292445
      ],
      [
        44.993255906239796,
        43.17481516291297
      ],
      [
        44.99311911358004,
        43.174808782954024
      ],
      [
        44.99298433257709,
        43.17477835544849
      ]
    ]
  },
  {
    "id": "18",
    "name": "ИЖС",
    "status": "Свободен",
    "area": "12 соток",
    "areaValue": 1200,
    "price": "",
    "priceValue": null,
    "vri": "Индивидуальное жилищное строительство",
    "purpose": "Коттедж",
    "projectDescription": "",
    "comment": "",
    "coords": [
      [
        44.993356489077904,
        43.174812218268286
      ],
      [
        44.99331424428591,
        43.174451504159805
      ],
      [
        44.99367298974161,
        43.17442696570549
      ],
      [
        44.99371791674264,
        43.17478620768528
      ],
      [
        44.993356489077904,
        43.174812218268286
      ]
    ]
  },
  {
    "id": "19",
    "name": "ИЖС",
    "status": "Свободен",
    "area": "12 соток",
    "areaValue": 1200,
    "price": "",
    "priceValue": null,
    "vri": "Индивидуальное жилищное строительство",
    "purpose": "Коттедж",
    "projectDescription": "",
    "comment": "",
    "coords": [
      [
        44.99371849174433,
        43.1747867562161
      ],
      [
        44.99367423529558,
        43.17442751423955
      ],
      [
        44.9940443801396,
        43.174401012697956
      ],
      [
        44.994083942722604,
        43.174762708639754
      ],
      [
        44.99371849174433,
        43.1747867562161
      ]
    ]
  },
  {
    "id": "20",
    "name": "ИЖС",
    "status": "Свободен",
    "area": "12 соток",
    "areaValue": 1200,
    "price": "",
    "priceValue": null,
    "vri": "Индивидуальное жилищное строительство",
    "purpose": "Коттедж",
    "projectDescription": "",
    "comment": "",
    "coords": [
      [
        44.99408353416484,
        43.17476375869631
      ],
      [
        44.99404195992509,
        43.17440108119784
      ],
      [
        44.994407410903364,
        43.17437703349271
      ],
      [
        44.994444961829544,
        43.17473578500165
      ],
      [
        44.99408353416484,
        43.17476375869631
      ]
    ]
  },
  {
    "id": "21",
    "name": "Парк",
    "status": "Резерв",
    "area": "42 соток",
    "areaValue": 4170,
    "price": "",
    "priceValue": null,
    "vri": "Рекреация",
    "purpose": "Парк",
    "projectDescription": "",
    "comment": "",
    "coords": [
      [
        44.99217050965221,
        43.17530795323849
      ],
      [
        44.99214502866663,
        43.17504686723886
      ],
      [
        44.99165820773039,
        43.17507042396269
      ],
      [
        44.99183121021183,
        43.1748211153495
      ],
      [
        44.992674764947054,
        43.174776946393784
      ],
      [
        44.99272975023184,
        43.1752696737861
      ],
      [
        44.99217050965221,
        43.17530795323849
      ]
    ]
  },
  {
    "id": "22",
    "name": "ИЖС",
    "status": "Свободен",
    "area": "9 соток",
    "areaValue": 900,
    "price": "",
    "priceValue": null,
    "vri": "",
    "purpose": "Коттедж",
    "projectDescription": "",
    "comment": "",
    "coords": [
      [
        44.99127432570684,
        43.17396062677215
      ],
      [
        44.99114557967413,
        43.17361512162382
      ],
      [
        44.99138161406742,
        43.173594999838635
      ],
      [
        44.9914158122324,
        43.173951302109344
      ],
      [
        44.99127432570684,
        43.17396062677215
      ]
    ]
  },
  {
    "id": "23",
    "name": "Участок №23",
    "status": "Свободен",
    "area": "",
    "areaValue": null,
    "price": "",
    "priceValue": null,
    "vri": "",
    "purpose": "",
    "projectDescription": "",
    "comment": "",
    "coords": [
      [
        44.99141715333686,
        43.173951792882406
      ],
      [
        44.991379602410674,
        43.17359450906272
      ],
      [
        44.99173834786643,
        43.1735699702374
      ],
      [
        44.99177589879264,
        43.173927254201665
      ],
      [
        44.99141715333686,
        43.173951792882406
      ]
    ]
  },
  {
    "id": "24",
    "name": "Участок №24",
    "status": "Свободен",
    "area": "",
    "areaValue": null,
    "price": "",
    "priceValue": null,
    "vri": "",
    "purpose": "",
    "projectDescription": "",
    "comment": "",
    "coords": [
      [
        44.99177475281696,
        43.17392720479044
      ],
      [
        44.99173988409981,
        43.173570902353966
      ],
      [
        44.99211002894386,
        43.17354538199062
      ],
      [
        44.99214422710881,
        43.17390413844422
      ],
      [
        44.99177475281696,
        43.17392720479044
      ]
    ]
  },
  {
    "id": "25",
    "name": "Участок №25",
    "status": "Свободен",
    "area": "",
    "areaValue": null,
    "price": "",
    "priceValue": null,
    "vri": "",
    "purpose": "",
    "projectDescription": "",
    "comment": "",
    "coords": [
      [
        44.99214417773922,
        43.17390347152303
      ],
      [
        44.99210930902203,
        43.173547659723404
      ],
      [
        44.992463360612,
        43.17352410245629
      ],
      [
        44.99251164037426,
        43.17387942359638
      ],
      [
        44.99214417773922,
        43.17390347152303
      ]
    ]
  },
  {
    "id": "26",
    "name": "Участок №26",
    "status": "Свободен",
    "area": "",
    "areaValue": null,
    "price": "",
    "priceValue": null,
    "vri": "",
    "purpose": "",
    "projectDescription": "",
    "comment": "",
    "coords": [
      [
        44.99251232496135,
        43.173879716118705
      ],
      [
        44.99246404519909,
        43.17352832119213
      ],
      [
        44.992831507834126,
        43.1735008377042
      ],
      [
        44.992869058760334,
        43.1738581220758
      ],
      [
        44.99251232496135,
        43.173879716118705
      ]
    ]
  },
  {
    "id": "27",
    "name": "Участок №27",
    "status": "Свободен",
    "area": "",
    "areaValue": null,
    "price": "",
    "priceValue": null,
    "vri": "",
    "purpose": "",
    "projectDescription": "",
    "comment": "",
    "coords": [
      [
        44.99286829370348,
        43.173859177985214
      ],
      [
        44.99283342498628,
        43.173499930513124
      ],
      [
        44.99319552320329,
        43.17347637322746
      ],
      [
        44.99323776799526,
        43.17383022234936
      ],
      [
        44.99286829370348,
        43.173859177985214
      ]
    ]
  },
  {
    "id": "28",
    "name": "Участок №28",
    "status": "Свободен",
    "area": "",
    "areaValue": null,
    "price": "",
    "priceValue": null,
    "vri": "",
    "purpose": "",
    "projectDescription": "",
    "comment": "",
    "coords": []
  },
  {
    "id": "29",
    "name": "Участок №29",
    "status": "Свободен",
    "area": "",
    "areaValue": null,
    "price": "",
    "priceValue": null,
    "vri": "",
    "purpose": "",
    "projectDescription": "",
    "comment": "",
    "coords": [
      [
        44.99323740916816,
        43.17382986459705
      ],
      [
        44.99319851713745,
        43.17347601547308
      ],
      [
        44.99356061535446,
        43.17345245817814
      ],
      [
        44.993600848489685,
        43.173805325915325
      ],
      [
        44.99323740916816,
        43.17382986459705
      ]
    ]
  },
  {
    "id": "30",
    "name": "Участок №30",
    "status": "Свободен",
    "area": "",
    "areaValue": null,
    "price": "",
    "priceValue": null,
    "vri": "",
    "purpose": "",
    "projectDescription": "",
    "comment": "",
    "coords": [
      [
        44.99360156696676,
        43.173804635481766
      ],
      [
        44.99355865162255,
        43.17345078621057
      ],
      [
        44.99392074983956,
        43.17342919201492
      ],
      [
        44.99396902960182,
        43.17377862441824
      ],
      [
        44.99360156696676,
        43.173804635481766
      ]
    ]
  },
  {
    "id": "31",
    "name": "Участок №31",
    "status": "Свободен",
    "area": "",
    "areaValue": null,
    "price": "",
    "priceValue": null,
    "vri": "",
    "purpose": "",
    "projectDescription": "",
    "comment": "",
    "coords": [
      [
        44.99396890044204,
        43.17378075584099
      ],
      [
        44.99392598509778,
        43.173427397231855
      ],
      [
        44.994280036687755,
        43.17340383991803
      ],
      [
        44.994325634241,
        43.17375719866444
      ],
      [
        44.99396890044204,
        43.17378075584099
      ]
    ]
  },
  {
    "id": "32",
    "name": "Участок №32",
    "status": "Свободен",
    "area": "",
    "areaValue": null,
    "price": "",
    "priceValue": null,
    "vri": "",
    "purpose": "",
    "projectDescription": "",
    "comment": "",
    "coords": [
      [
        44.99467995732948,
        43.1747048003091
      ],
      [
        44.994663864075406,
        43.174347520950484
      ],
      [
        44.99501255124732,
        43.1743357424493
      ],
      [
        44.99506619542764,
        43.174689095765075
      ],
      [
        44.99467995732948,
        43.1747048003091
      ]
    ]
  },
  {
    "id": "33",
    "name": "Участок №33",
    "status": "Свободен",
    "area": "",
    "areaValue": null,
    "price": "",
    "priceValue": null,
    "vri": "",
    "purpose": "",
    "projectDescription": "",
    "comment": "",
    "coords": [
      [
        44.99464396237467,
        43.17425430942296
      ],
      [
        44.994607082000755,
        43.173909296697246
      ],
      [
        44.99496113359073,
        43.17387788719307
      ],
      [
        44.99500404893496,
        43.174235169343035
      ],
      [
        44.99464396237467,
        43.17425430942296
      ]
    ]
  },
  {
    "id": "34",
    "name": "Участок №34",
    "status": "Свободен",
    "area": "",
    "areaValue": null,
    "price": "",
    "priceValue": null,
    "vri": "",
    "purpose": "",
    "projectDescription": "",
    "comment": "",
    "coords": [
      [
        44.994577161988275,
        43.17374362486091
      ],
      [
        44.994539611062066,
        43.173390266035405
      ],
      [
        44.99490439148809,
        43.173366708707164
      ],
      [
        44.99494060130981,
        43.173721049243944
      ],
      [
        44.994577161988275,
        43.17374362486091
      ]
    ]
  },
  {
    "id": "35",
    "name": "Участок №35",
    "status": "Свободен",
    "area": "",
    "areaValue": null,
    "price": "",
    "priceValue": null,
    "vri": "",
    "purpose": "",
    "projectDescription": "",
    "comment": "",
    "coords": [
      [
        44.995065324028985,
        43.174689831131786
      ],
      [
        44.99502240868475,
        43.17434433013848
      ],
      [
        44.99538182469274,
        43.174320773180874
      ],
      [
        44.99542474003698,
        43.174666274308414
      ],
      [
        44.995065324028985,
        43.174689831131786
      ]
    ]
  },
  {
    "id": "36",
    "name": "Участок №36",
    "status": "Свободен",
    "area": "",
    "areaValue": null,
    "price": "",
    "priceValue": null,
    "vri": "",
    "purpose": "",
    "projectDescription": "",
    "comment": "",
    "coords": [
      [
        44.99543412776854,
        43.174670200446286
      ],
      [
        44.995388530215294,
        43.174316847020386
      ],
      [
        44.99575599285033,
        43.17428936388985
      ],
      [
        44.99576672168638,
        43.17448370861699
      ],
      [
        44.995659433325805,
        43.17465645896265
      ],
      [
        44.99543412776854,
        43.174670200446286
      ]
    ]
  },
  {
    "id": "37",
    "name": "Участок №37",
    "status": "Свободен",
    "area": "",
    "areaValue": null,
    "price": "",
    "priceValue": null,
    "vri": "",
    "purpose": "",
    "projectDescription": "",
    "comment": "",
    "coords": [
      [
        44.99500595481737,
        43.17423566890253
      ],
      [
        44.99496572168215,
        43.17387446056638
      ],
      [
        44.995319773272115,
        43.17385482961691
      ],
      [
        44.995373417452406,
        43.17421407498639
      ],
      [
        44.99500595481737,
        43.17423566890253
      ]
    ]
  },
  {
    "id": "38",
    "name": "Участок №38",
    "status": "Свободен",
    "area": "",
    "areaValue": null,
    "price": "",
    "priceValue": null,
    "vri": "",
    "purpose": "",
    "projectDescription": "",
    "comment": "",
    "coords": [
      [
        44.99536943627097,
        43.17421169615324
      ],
      [
        44.99532383871772,
        43.17385834005542
      ],
      [
        44.99568861914374,
        43.173830856717046
      ],
      [
        44.995739581115046,
        43.17418421297505
      ],
      [
        44.99536943627097,
        43.17421169615324
      ]
    ]
  },
  {
    "id": "39",
    "name": "Участок №39",
    "status": "Свободен",
    "area": "",
    "areaValue": null,
    "price": "",
    "priceValue": null,
    "vri": "",
    "purpose": "",
    "projectDescription": "",
    "comment": "",
    "coords": [
      [
        44.99568593693473,
        43.17382889362097
      ],
      [
        44.99605876398782,
        43.17379944717223
      ],
      [
        44.99608558607795,
        43.17402912909313
      ],
      [
        44.99599170876244,
        43.174170471381274
      ],
      [
        44.995739581115046,
        43.17418421297505
      ],
      [
        44.99568593693473,
        43.17382889362097
      ]
    ]
  },
  {
    "id": "40",
    "name": "Участок №40",
    "status": "Свободен",
    "area": "",
    "areaValue": null,
    "price": "",
    "priceValue": null,
    "vri": "",
    "purpose": "",
    "projectDescription": "",
    "comment": "",
    "coords": [
      [
        44.994939820965094,
        43.1737217458116
      ],
      [
        44.99490495224789,
        43.17336446063644
      ],
      [
        44.99526973267392,
        43.17333697707423
      ],
      [
        44.99530460139112,
        43.17369033621028
      ],
      [
        44.994939820965094,
        43.1737217458116
      ]
    ]
  },
  {
    "id": "41",
    "name": "Участок №41",
    "status": "Свободен",
    "area": "",
    "areaValue": null,
    "price": "",
    "priceValue": null,
    "vri": "",
    "purpose": "",
    "projectDescription": "",
    "comment": "",
    "coords": []
  },
  {
    "id": "42",
    "name": "Участок №42",
    "status": "Свободен",
    "area": "",
    "areaValue": null,
    "price": "",
    "priceValue": null,
    "vri": "",
    "purpose": "",
    "projectDescription": "",
    "comment": "",
    "coords": [
      [
        44.99530317330893,
        43.1736945266789
      ],
      [
        44.99526294017371,
        43.17333724134335
      ],
      [
        44.995627720599735,
        43.17330779465585
      ],
      [
        44.99567868257104,
        43.17367096946886
      ],
      [
        44.99530317330893,
        43.1736945266789
      ]
    ]
  },
  {
    "id": "43",
    "name": "Участок №43",
    "status": "Свободен",
    "area": "",
    "areaValue": null,
    "price": "",
    "priceValue": null,
    "vri": "",
    "purpose": "",
    "projectDescription": "",
    "comment": "",
    "coords": [
      [
        44.995676000362025,
        43.17367293257002
      ],
      [
        44.995633085017786,
        43.17330975776879
      ],
      [
        44.99599786544381,
        43.17329012663649
      ],
      [
        44.996043462997065,
        43.17364741224965
      ],
      [
        44.995676000362025,
        43.17367293257002
      ]
    ]
  },
  {
    "id": "44",
    "name": "Участок №44",
    "status": "Свободен",
    "area": "",
    "areaValue": null,
    "price": "",
    "priceValue": null,
    "vri": "",
    "purpose": "",
    "projectDescription": "",
    "comment": "",
    "coords": [
      [
        44.996043462997065,
        43.17364937535161
      ],
      [
        44.9959951832348,
        43.17329208975
      ],
      [
        44.99636264586984,
        43.17326656926934
      ],
      [
        44.99639751458703,
        43.17357477743283
      ],
      [
        44.99636264586984,
        43.17362974432925
      ],
      [
        44.996043462997065,
        43.17364937535161
      ]
    ]
  },
  {
    "id": "45",
    "name": "Участок №45",
    "status": "Свободен",
    "area": "",
    "areaValue": null,
    "price": "",
    "priceValue": null,
    "vri": "",
    "purpose": "",
    "projectDescription": "",
    "comment": "",
    "coords": [
      [
        44.99581226713924,
        43.17466064879666
      ],
      [
        44.995978564098166,
        43.1744231169609
      ],
      [
        44.996415764167594,
        43.174574273691334
      ],
      [
        44.99625214941769,
        43.174821620255535
      ],
      [
        44.99581226713924,
        43.17466064879666
      ]
    ]
  },
  {
    "id": "46",
    "name": "Участок №46",
    "status": "Свободен",
    "area": "",
    "areaValue": null,
    "price": "",
    "priceValue": null,
    "vri": "",
    "purpose": "",
    "projectDescription": "",
    "comment": "",
    "coords": [
      [
        44.99597287761155,
        43.17441850938832
      ],
      [
        44.99614722119753,
        43.17418293968869
      ],
      [
        44.99657101022187,
        43.1743399862568
      ],
      [
        44.99640739547197,
        43.1745775184182
      ],
      [
        44.99597287761155,
        43.17441850938832
      ]
    ]
  },
  {
    "id": "47",
    "name": "Участок №47",
    "status": "Свободен",
    "area": "",
    "areaValue": null,
    "price": "",
    "priceValue": null,
    "vri": "",
    "purpose": "",
    "projectDescription": "",
    "comment": "",
    "coords": [
      [
        44.99614722119753,
        43.17417856824363
      ],
      [
        44.9963027893204,
        43.173946923796535
      ],
      [
        44.99674535380786,
        43.17410397097592
      ],
      [
        44.996573692430886,
        43.17433954098234
      ],
      [
        44.99614722119753,
        43.17417856824363
      ]
    ]
  },
  {
    "id": "48",
    "name": "Участок №48",
    "status": "Свободен",
    "area": "",
    "areaValue": null,
    "price": "",
    "priceValue": null,
    "vri": "",
    "purpose": "",
    "projectDescription": "",
    "comment": "",
    "coords": [
      [
        44.99630865426728,
        43.17394090277254
      ],
      [
        44.99647226901719,
        43.173707294317495
      ],
      [
        44.99691215129563,
        43.173862379022516
      ],
      [
        44.9967431721277,
        43.174101876142174
      ],
      [
        44.99630865426728,
        43.17394090277254
      ]
    ]
  },
  {
    "id": "49",
    "name": "Участок №49",
    "status": "Свободен",
    "area": "",
    "areaValue": null,
    "price": "",
    "priceValue": null,
    "vri": "",
    "purpose": "",
    "projectDescription": "",
    "comment": "",
    "coords": [
      [
        44.996471539327004,
        43.17370727965383
      ],
      [
        44.99662710744987,
        43.173461891651954
      ],
      [
        44.99706900138506,
        43.17362826484981
      ],
      [
        44.996911421605446,
        43.17386236435892
      ],
      [
        44.996471539327004,
        43.17370727965383
      ]
    ]
  },
  {
    "id": "50",
    "name": "Участок №50",
    "status": "Свободен",
    "area": "",
    "areaValue": null,
    "price": "",
    "priceValue": null,
    "vri": "",
    "purpose": "",
    "projectDescription": "",
    "comment": "",
    "coords": [
      [
        44.99707101368546,
        43.173628121711545
      ],
      [
        44.99663113140702,
        43.173463220868456
      ],
      [
        44.99678401732088,
        43.17323549991933
      ],
      [
        44.99683229708314,
        43.17323746303463
      ],
      [
        44.99723731064439,
        43.173380770278754
      ],
      [
        44.99707101368546,
        43.173628121711545
      ]
    ]
  },
  {
    "id": "51",
    "name": "Участок №51",
    "status": "Свободен",
    "area": "",
    "areaValue": null,
    "price": "",
    "priceValue": null,
    "vri": "",
    "purpose": "",
    "projectDescription": "",
    "comment": "",
    "coords": [
      [
        44.99643947614752,
        43.174887912300676
      ],
      [
        44.99660830308579,
        43.17464756320175
      ],
      [
        44.99704952646876,
        43.174807553163205
      ],
      [
        44.99687853564406,
        43.17504802807799
      ],
      [
        44.99643947614752,
        43.174887912300676
      ]
    ]
  },
  {
    "id": "52",
    "name": "Участок №52",
    "status": "Свободен",
    "area": "",
    "areaValue": null,
    "price": "",
    "priceValue": null,
    "vri": "",
    "purpose": "",
    "projectDescription": "",
    "comment": "",
    "coords": [
      [
        44.99660876176849,
        43.17464652629016
      ],
      [
        44.996773717622865,
        43.17440457747496
      ],
      [
        44.99720756493106,
        43.17457192959816
      ],
      [
        44.997046632390116,
        43.174807497786546
      ],
      [
        44.99660876176849,
        43.17464652629016
      ]
    ]
  },
  {
    "id": "53",
    "name": "Участок №53",
    "status": "Свободен",
    "area": "",
    "areaValue": null,
    "price": "",
    "priceValue": null,
    "vri": "",
    "purpose": "",
    "projectDescription": "",
    "comment": "",
    "coords": [
      [
        44.996773300926236,
        43.17440142337306
      ],
      [
        44.996934904019376,
        43.17416977980148
      ],
      [
        44.99737143353651,
        43.174331243357635
      ],
      [
        44.9972084893389,
        43.1745702478332
      ],
      [
        44.996773300926236,
        43.17440142337306
      ]
    ]
  },
  {
    "id": "54",
    "name": "Участок №54",
    "status": "Свободен",
    "area": "",
    "areaValue": null,
    "price": "",
    "priceValue": null,
    "vri": "",
    "purpose": "",
    "projectDescription": "",
    "comment": "",
    "coords": [
      [
        44.99693523270378,
        43.174169128919196
      ],
      [
        44.9971008591104,
        43.17393110438477
      ],
      [
        44.99753805917988,
        43.17409011469281
      ],
      [
        44.99737310332545,
        43.17433059245293
      ],
      [
        44.99693523270378,
        43.174169128919196
      ]
    ]
  },
  {
    "id": "55",
    "name": "Участок №55",
    "status": "Свободен",
    "area": "",
    "areaValue": null,
    "price": "",
    "priceValue": null,
    "vri": "",
    "purpose": "",
    "projectDescription": "",
    "comment": "",
    "coords": [
      [
        44.99709933727839,
        43.17393061178891
      ],
      [
        44.99726563423731,
        43.17369700329422
      ],
      [
        44.997700822649975,
        43.173854541918885
      ],
      [
        44.99753787845231,
        43.17409011289432
      ],
      [
        44.99709933727839,
        43.17393061178891
      ]
    ]
  },
  {
    "id": "56",
    "name": "Участок №56",
    "status": "Свободен",
    "area": "",
    "areaValue": null,
    "price": "",
    "priceValue": null,
    "vri": "",
    "purpose": "",
    "projectDescription": "",
    "comment": "",
    "coords": [
      [
        44.997260269819286,
        43.17369896639457
      ],
      [
        44.9974265667782,
        43.173453578359045
      ],
      [
        44.99786913126566,
        43.17361258994347
      ],
      [
        44.99770216375447,
        43.173853560371235
      ],
      [
        44.997260269819286,
        43.17369896639457
      ]
    ]
  },
  {
    "id": "57",
    "name": "Участок №57",
    "status": "Свободен",
    "area": "",
    "areaValue": null,
    "price": "",
    "priceValue": null,
    "vri": "",
    "purpose": "",
    "projectDescription": "",
    "comment": "",
    "coords": [
      [
        44.99742936936424,
        43.17345384530461
      ],
      [
        44.9975929841142,
        43.173214345601274
      ],
      [
        44.99802817252686,
        43.17337335781303
      ],
      [
        44.99787193385175,
        43.17361089373693
      ],
      [
        44.99742936936424,
        43.17345384530461
      ]
    ]
  },
  {
    "id": "58",
    "name": "Участок №58",
    "status": "Свободен",
    "area": "",
    "areaValue": null,
    "price": "",
    "priceValue": null,
    "vri": "",
    "purpose": "",
    "projectDescription": "",
    "comment": "",
    "coords": [
      [
        44.991099239567056,
        43.17351053716591
      ],
      [
        44.99096781132533,
        43.173161103217666
      ],
      [
        44.99132454512432,
        43.173139508918844
      ],
      [
        44.991364778259545,
        43.173488942991526
      ],
      [
        44.991099239567056,
        43.17351053716591
      ]
    ]
  },
  {
    "id": "59",
    "name": "Участок №59",
    "status": "Свободен",
    "area": "",
    "areaValue": null,
    "price": "",
    "priceValue": null,
    "vri": "",
    "purpose": "",
    "projectDescription": "",
    "comment": "",
    "coords": [
      [
        44.991364778259545,
        43.1734909060986
      ],
      [
        44.99131918070629,
        43.173139508918844
      ],
      [
        44.99168664334133,
        43.17311398837397
      ],
      [
        44.99172419426754,
        43.17346931191724
      ],
      [
        44.991364778259545,
        43.1734909060986
      ]
    ]
  },
  {
    "id": "60",
    "name": "Участок №60",
    "status": "Свободен",
    "area": "",
    "areaValue": null,
    "price": "",
    "priceValue": null,
    "vri": "",
    "purpose": "",
    "projectDescription": "",
    "comment": "",
    "coords": [
      [
        44.99172419426754,
        43.173473238132594
      ],
      [
        44.9916812789233,
        43.173117914612334
      ],
      [
        44.99204605934933,
        43.173084541578056
      ],
      [
        44.99208629248455,
        43.1734457546197
      ],
      [
        44.99172419426754,
        43.173473238132594
      ]
    ]
  },
  {
    "id": "61",
    "name": "Участок №61",
    "status": "Свободен",
    "area": "",
    "areaValue": null,
    "price": "",
    "priceValue": null,
    "vri": "",
    "purpose": "",
    "projectDescription": "",
    "comment": "",
    "coords": [
      [
        44.99209165690258,
        43.173443791511154
      ],
      [
        44.99205142376736,
        43.17308846781834
      ],
      [
        44.99240815756634,
        43.173062947251964
      ],
      [
        44.992459119537614,
        43.17342023420369
      ],
      [
        44.99209165690258,
        43.173443791511154
      ]
    ]
  },
  {
    "id": "62",
    "name": "Участок №62",
    "status": "Свободен",
    "area": "",
    "areaValue": null,
    "price": "",
    "priceValue": null,
    "vri": "",
    "purpose": "",
    "projectDescription": "",
    "comment": "",
    "coords": [
      [
        44.99245639118819,
        43.17342007410546
      ],
      [
        44.992413475843954,
        43.17306475027367
      ],
      [
        44.992772891851956,
        43.17304119281895
      ],
      [
        44.99281580719619,
        43.173398479898864
      ],
      [
        44.99245639118819,
        43.17342007410546
      ]
    ]
  },
  {
    "id": "63",
    "name": "Участок №63",
    "status": "Свободен",
    "area": "",
    "areaValue": null,
    "price": "",
    "priceValue": null,
    "vri": "",
    "purpose": "",
    "projectDescription": "",
    "comment": "",
    "coords": [
      [
        44.99281704933289,
        43.173401945604546
      ],
      [
        44.99277681619767,
        43.17304073230194
      ],
      [
        44.993136232205664,
        43.17302110108253
      ],
      [
        44.99318182975892,
        43.173374462059314
      ],
      [
        44.99281704933289,
        43.173401945604546
      ]
    ]
  },
  {
    "id": "64",
    "name": "Участок №64",
    "status": "Свободен",
    "area": "",
    "areaValue": null,
    "price": "",
    "priceValue": null,
    "vri": "",
    "purpose": "",
    "projectDescription": "",
    "comment": "",
    "coords": [
      [
        44.993185498262186,
        43.173373552871546
      ],
      [
        44.99313721849992,
        43.173024118133895
      ],
      [
        44.99350199892594,
        43.17299270817119
      ],
      [
        44.993547596479196,
        43.17334803242515
      ],
      [
        44.993185498262186,
        43.173373552871546
      ]
    ]
  },
  {
    "id": "65",
    "name": "Участок №65",
    "status": "Свободен",
    "area": "",
    "areaValue": null,
    "price": "",
    "priceValue": null,
    "vri": "",
    "purpose": "",
    "projectDescription": "",
    "comment": "",
    "coords": [
      [
        44.99354343401357,
        43.17334785808336
      ],
      [
        44.99350588308739,
        43.17299449695154
      ],
      [
        44.99386261688635,
        43.172972902593386
      ],
      [
        44.99391223775313,
        43.17331644831251
      ],
      [
        44.99354343401357,
        43.17334785808336
      ]
    ]
  },
  {
    "id": "66",
    "name": "Участок №66",
    "status": "Свободен",
    "area": "",
    "areaValue": null,
    "price": "",
    "priceValue": null,
    "vri": "",
    "purpose": "",
    "projectDescription": "",
    "comment": "",
    "coords": [
      [
        44.993913280571284,
        43.17331737965426
      ],
      [
        44.99386768301804,
        43.17296794459289
      ],
      [
        44.99422441681702,
        43.17294831334994
      ],
      [
        44.99427269657928,
        43.17329234998675
      ],
      [
        44.993913280571284,
        43.17331737965426
      ]
    ]
  },
  {
    "id": "67",
    "name": "Участок №67",
    "status": "Свободен",
    "area": "",
    "areaValue": null,
    "price": "",
    "priceValue": null,
    "vri": "",
    "purpose": "",
    "projectDescription": "",
    "comment": "",
    "coords": [
      [
        44.99453084438185,
        43.173280600565185
      ],
      [
        44.99447988241057,
        43.17292723904145
      ],
      [
        44.99483929841857,
        43.17290171840722
      ],
      [
        44.99489294259886,
        43.17325508007969
      ],
      [
        44.99453084438185,
        43.173280600565185
      ]
    ]
  },
  {
    "id": "68",
    "name": "Участок №68",
    "status": "Свободен",
    "area": "",
    "areaValue": null,
    "price": "",
    "priceValue": null,
    "vri": "",
    "purpose": "",
    "projectDescription": "",
    "comment": "",
    "coords": [
      [
        44.994894381270555,
        43.173258826990846
      ],
      [
        44.99484878371731,
        43.172905465340214
      ],
      [
        44.995213564143334,
        43.172879944696845
      ],
      [
        44.99525111506954,
        43.17323526961153
      ],
      [
        44.994894381270555,
        43.173258826990846
      ]
    ]
  },
  {
    "id": "69",
    "name": "Участок №69",
    "status": "Свободен",
    "area": "",
    "areaValue": null,
    "price": "",
    "priceValue": null,
    "vri": "",
    "purpose": "",
    "projectDescription": "",
    "comment": "",
    "coords": [
      [
        44.995250647914915,
        43.17323268072081
      ],
      [
        44.9952130969887,
        43.172883245171384
      ],
      [
        44.9955725129967,
        43.17285576139107
      ],
      [
        44.99562079275896,
        43.17320519709889
      ],
      [
        44.995250647914915,
        43.17323268072081
      ]
    ]
  },
  {
    "id": "70",
    "name": "Участок №70",
    "status": "Свободен",
    "area": "",
    "areaValue": null,
    "price": "",
    "priceValue": null,
    "vri": "",
    "purpose": "",
    "projectDescription": "",
    "comment": "",
    "coords": [
      [
        44.99562191483987,
        43.17320432930395
      ],
      [
        44.9955709528686,
        43.17285685671874
      ],
      [
        44.99594109771265,
        43.17283133605489
      ],
      [
        44.99598401305689,
        43.17318077190345
      ],
      [
        44.99562191483987,
        43.17320432930395
      ]
    ]
  },
  {
    "id": "71",
    "name": "Участок №71",
    "status": "Свободен",
    "area": "",
    "areaValue": null,
    "price": "",
    "priceValue": null,
    "vri": "",
    "purpose": "",
    "projectDescription": "",
    "comment": "",
    "coords": [
      [
        44.99598817753377,
        43.1731799540289
      ],
      [
        44.995947944398544,
        43.17282462879006
      ],
      [
        44.9962993137795,
        43.172808923759085
      ],
      [
        44.99634759354176,
        43.17316424908995
      ],
      [
        44.99598817753377,
        43.1731799540289
      ]
    ]
  },
  {
    "id": "72",
    "name": "Участок №72",
    "status": "Свободен",
    "area": "",
    "areaValue": null,
    "price": "",
    "priceValue": null,
    "vri": "",
    "purpose": "",
    "projectDescription": "",
    "comment": "",
    "coords": [
      [
        44.99634273185626,
        43.17316023566994
      ],
      [
        44.996302498721036,
        43.17280491031554
      ],
      [
        44.99666929080382,
        43.172782334349066
      ],
      [
        44.99670483007327,
        43.17313471513377
      ],
      [
        44.99634273185626,
        43.17316023566994
      ]
    ]
  },
  {
    "id": "73",
    "name": "Участок №73",
    "status": "Свободен",
    "area": "",
    "areaValue": null,
    "price": "",
    "priceValue": null,
    "vri": "",
    "purpose": "",
    "projectDescription": "",
    "comment": "",
    "coords": [
      [
        44.996705270825906,
        43.17313422719616
      ],
      [
        44.99666839045197,
        43.17278184638444
      ],
      [
        44.997031829773476,
        43.17275976116787
      ],
      [
        44.99706871014744,
        43.17311361442324
      ],
      [
        44.996705270825906,
        43.17313422719616
      ]
    ]
  },
  {
    "id": "74",
    "name": "Участок №74",
    "status": "Свободен",
    "area": "",
    "areaValue": null,
    "price": "",
    "priceValue": null,
    "vri": "",
    "purpose": "",
    "projectDescription": "",
    "comment": "",
    "coords": [
      [
        44.99706865400482,
        43.1731133569303
      ],
      [
        44.997032444183084,
        43.1727590128666
      ],
      [
        44.997391189638854,
        43.172740363097525
      ],
      [
        44.99743946940112,
        43.173089799470326
      ],
      [
        44.99706865400482,
        43.1731133569303
      ]
    ]
  },
  {
    "id": "75",
    "name": "Участок №75",
    "status": "Свободен",
    "area": "",
    "areaValue": null,
    "price": "",
    "priceValue": null,
    "vri": "",
    "purpose": "",
    "projectDescription": "",
    "comment": "",
    "coords": [
      [
        44.997437423790835,
        43.173090168227844
      ],
      [
        44.997393167342054,
        43.1727382779671
      ],
      [
        44.99775593611137,
        43.172709812554906
      ],
      [
        44.99779415758982,
        43.17306661078301
      ],
      [
        44.997437423790835,
        43.173090168227844
      ]
    ]
  },
  {
    "id": "76",
    "name": "Участок №76",
    "status": "Свободен",
    "area": "",
    "areaValue": null,
    "price": "",
    "priceValue": null,
    "vri": "",
    "purpose": "",
    "projectDescription": "",
    "comment": "",
    "coords": [
      [
        44.99093351254097,
        43.173000129536476
      ],
      [
        44.99089126774898,
        43.17264529400336
      ],
      [
        44.991618146392014,
        43.17259817875886
      ],
      [
        44.99166106173625,
        43.17295546844905
      ],
      [
        44.99093351254097,
        43.173000129536476
      ]
    ]
  },
  {
    "id": "77",
    "name": "Участок №77",
    "status": "Свободен",
    "area": "",
    "areaValue": null,
    "price": "",
    "priceValue": null,
    "vri": "",
    "purpose": "",
    "projectDescription": "",
    "comment": "",
    "coords": [
      [
        44.99165569731822,
        43.17295350532464
      ],
      [
        44.991618146392014,
        43.17259768799904
      ],
      [
        44.991980244609024,
        43.17257511193122
      ],
      [
        44.99202047774425,
        43.172926021576195
      ],
      [
        44.99165569731822,
        43.17295350532464
      ]
    ]
  },
  {
    "id": "78",
    "name": "Участок №78",
    "status": "Свободен",
    "area": "",
    "areaValue": null,
    "price": "",
    "priceValue": null,
    "vri": "",
    "purpose": "",
    "projectDescription": "",
    "comment": "",
    "coords": [
      [
        44.99202315995326,
        43.172927984701474
      ],
      [
        44.991980244608975,
        43.172575111931245
      ],
      [
        44.992348377796304,
        43.17254860958007
      ],
      [
        44.99238257596126,
        43.17290246406757
      ],
      [
        44.99202315995326,
        43.172927984701474
      ]
    ]
  },
  {
    "id": "79",
    "name": "Участок №79",
    "status": "Свободен",
    "area": "",
    "areaValue": null,
    "price": "",
    "priceValue": null,
    "vri": "",
    "purpose": "",
    "projectDescription": "",
    "comment": "",
    "coords": [
      [
        44.99238082839353,
        43.172906905813875
      ],
      [
        44.992345959676335,
        43.17254618037094
      ],
      [
        44.992712081206825,
        43.172524585853154
      ],
      [
        44.99275633765561,
        43.172881385171095
      ],
      [
        44.99238082839353,
        43.172906905813875
      ]
    ]
  },
  {
    "id": "80",
    "name": "Участок №80",
    "status": "Свободен",
    "area": "",
    "areaValue": null,
    "price": "",
    "priceValue": null,
    "vri": "",
    "purpose": "",
    "projectDescription": "",
    "comment": "",
    "coords": [
      [
        44.992742391116884,
        43.17288523178265
      ],
      [
        44.9927102046087,
        43.17252205228783
      ],
      [
        44.99307230282571,
        43.172504384015355
      ],
      [
        44.99312326479701,
        43.172853821748014
      ],
      [
        44.992742391116884,
        43.17288523178265
      ]
    ]
  },
  {
    "id": "81",
    "name": "Участок №81",
    "status": "Свободен",
    "area": "",
    "areaValue": null,
    "price": "",
    "priceValue": null,
    "vri": "",
    "purpose": "",
    "projectDescription": "",
    "comment": "",
    "coords": [
      [
        44.99312687094909,
        43.17285001487033
      ],
      [
        44.99307322676881,
        43.17250254025481
      ],
      [
        44.99343532498582,
        43.17248094572147
      ],
      [
        44.99347555812104,
        43.17283038358918
      ],
      [
        44.99312687094909,
        43.17285001487033
      ]
    ]
  },
  {
    "id": "82",
    "name": "Участок №82",
    "status": "Свободен",
    "area": "",
    "areaValue": null,
    "price": "",
    "priceValue": null,
    "vri": "",
    "purpose": "",
    "projectDescription": "",
    "comment": "",
    "coords": [
      [
        44.993480387488624,
        43.17282660089689
      ],
      [
        44.9934401543534,
        43.17248305242668
      ],
      [
        44.99380225257041,
        43.172453605324385
      ],
      [
        44.99383980349662,
        43.17280500647895
      ],
      [
        44.993480387488624,
        43.17282660089689
      ]
    ]
  },
  {
    "id": "83",
    "name": "Участок №83",
    "status": "Свободен",
    "area": "",
    "areaValue": null,
    "price": "",
    "priceValue": null,
    "vri": "",
    "purpose": "",
    "projectDescription": "",
    "comment": "",
    "coords": []
  },
  {
    "id": "84",
    "name": "Участок №84",
    "status": "Свободен",
    "area": "",
    "areaValue": null,
    "price": "",
    "priceValue": null,
    "vri": "",
    "purpose": "",
    "projectDescription": "",
    "comment": "",
    "coords": [
      [
        44.99384690890489,
        43.17280967770037
      ],
      [
        44.99380667576967,
        43.172448460869695
      ],
      [
        44.994166091777664,
        43.17243079259995
      ],
      [
        44.99420632491289,
        43.17278415701667
      ],
      [
        44.99384690890489,
        43.17280967770037
      ]
    ]
  },
  {
    "id": "85",
    "name": "Участок №85",
    "status": "Свободен",
    "area": "",
    "areaValue": null,
    "price": "",
    "priceValue": null,
    "vri": "",
    "purpose": "",
    "projectDescription": "",
    "comment": "",
    "coords": [
      [
        44.9944618231727,
        43.172766808792105
      ],
      [
        44.994414213962735,
        43.17240951794196
      ],
      [
        44.99478301770229,
        43.172383997114
      ],
      [
        44.994826603598774,
        43.17274177884901
      ],
      [
        44.9944618231727,
        43.172766808792105
      ]
    ]
  },
  {
    "id": "86",
    "name": "Участок №86",
    "status": "Свободен",
    "area": "",
    "areaValue": null,
    "price": "",
    "priceValue": null,
    "vri": "",
    "purpose": "",
    "projectDescription": "",
    "comment": "",
    "coords": [
      [
        44.99482671089115,
        43.17274202330369
      ],
      [
        44.99478312499466,
        43.17238424159428
      ],
      [
        44.995146564316165,
        43.17236461016239
      ],
      [
        44.99518880910816,
        43.17272042885561
      ],
      [
        44.99482671089115,
        43.17274202330369
      ]
    ]
  },
  {
    "id": "87",
    "name": "Участок №87",
    "status": "Свободен",
    "area": "",
    "areaValue": null,
    "price": "",
    "priceValue": null,
    "vri": "",
    "purpose": "",
    "projectDescription": "",
    "comment": "",
    "coords": []
  },
  {
    "id": "88",
    "name": "Участок №88",
    "status": "Свободен",
    "area": "",
    "areaValue": null,
    "price": "",
    "priceValue": null,
    "vri": "",
    "purpose": "",
    "projectDescription": "",
    "comment": "",
    "coords": [
      [
        44.99518199042906,
        43.17272259181035
      ],
      [
        44.99514645115961,
        43.17236382841454
      ],
      [
        44.99551391379465,
        43.17233634439881
      ],
      [
        44.99554945306409,
        43.17269707109
      ],
      [
        44.99518199042906,
        43.17272259181035
      ]
    ]
  },
  {
    "id": "89",
    "name": "Участок №89",
    "status": "Свободен",
    "area": "",
    "areaValue": null,
    "price": "",
    "priceValue": null,
    "vri": "",
    "purpose": "",
    "projectDescription": "",
    "comment": "",
    "coords": [
      [
        44.99554861163673,
        43.17269882430414
      ],
      [
        44.9955137429195,
        43.172333680548405
      ],
      [
        44.99587315892752,
        43.172319938511095
      ],
      [
        44.995918756480776,
        43.172673303573774
      ],
      [
        44.99554861163673,
        43.17269882430414
      ]
    ]
  },
  {
    "id": "90",
    "name": "Участок №90",
    "status": "Свободен",
    "area": "",
    "areaValue": null,
    "price": "",
    "priceValue": null,
    "vri": "",
    "purpose": "",
    "projectDescription": "",
    "comment": "",
    "coords": []
  },
  {
    "id": "91",
    "name": "Участок №91",
    "status": "Свободен",
    "area": "",
    "areaValue": null,
    "price": "",
    "priceValue": null,
    "vri": "",
    "purpose": "",
    "projectDescription": "",
    "comment": "",
    "coords": [
      [
        44.99591694027416,
        43.17267254703515
      ],
      [
        44.99587268382545,
        43.172314274081245
      ],
      [
        44.996234782042464,
        43.17229267948087
      ],
      [
        44.996283061804725,
        43.17264800783679
      ],
      [
        44.99591694027416,
        43.17267254703515
      ]
    ]
  },
  {
    "id": "92",
    "name": "Участок №92",
    "status": "Свободен",
    "area": "",
    "areaValue": null,
    "price": "",
    "priceValue": null,
    "vri": "",
    "purpose": "",
    "projectDescription": "",
    "comment": "",
    "coords": [
      [
        44.99628069828383,
        43.17264951585743
      ],
      [
        44.99623577128283,
        43.17229222436452
      ],
      [
        44.99659921060436,
        43.172269157372185
      ],
      [
        44.99664480815761,
        43.17262448589008
      ],
      [
        44.99628069828383,
        43.17264951585743
      ]
    ]
  },
  {
    "id": "93",
    "name": "Участок №93",
    "status": "Свободен",
    "area": "",
    "areaValue": null,
    "price": "",
    "priceValue": null,
    "vri": "",
    "purpose": "",
    "projectDescription": "",
    "comment": "",
    "coords": [
      [
        44.99664418814371,
        43.1726246003116
      ],
      [
        44.99660328445624,
        43.17226878103189
      ],
      [
        44.99695867715071,
        43.17224620481747
      ],
      [
        44.99701232133103,
        43.17260153344571
      ],
      [
        44.99664418814371,
        43.1726246003116
      ]
    ]
  },
  {
    "id": "95",
    "name": "Участок №95",
    "status": "Свободен",
    "area": "",
    "areaValue": null,
    "price": "",
    "priceValue": null,
    "vri": "",
    "purpose": "",
    "projectDescription": "",
    "comment": "",
    "coords": [
      [
        44.99700239789806,
        43.172598808111594
      ],
      [
        44.996958812001594,
        43.172246424164285
      ],
      [
        44.997331639054686,
        43.17221894009534
      ],
      [
        44.997374554398924,
        43.172574268883345
      ],
      [
        44.99700239789806,
        43.172598808111594
      ]
    ]
  },
  {
    "id": "96",
    "name": "Участок №96",
    "status": "Свободен",
    "area": "",
    "areaValue": null,
    "price": "",
    "priceValue": null,
    "vri": "",
    "purpose": "",
    "projectDescription": "",
    "comment": "",
    "coords": [
      [
        44.99737187218991,
        43.17257230574659
      ],
      [
        44.9973343212637,
        43.172220903243534
      ],
      [
        44.99769105506268,
        43.17219734546102
      ],
      [
        44.99773397040692,
        43.172548748100574
      ],
      [
        44.99737187218991,
        43.17257230574659
      ]
    ]
  }
]